문의ID,문의일시,상태,이름,전화번호,가맹유형,시도,시군구,문의내용,개인정보동의,동의일시,마케팅동의,마케팅동의일시
1,2026-05-16 09:33:17,done,마은정,01025985615,tutoring,서울특별시,양천구,사업 전반에 대한 안내,Y,2026-05-16 09:33:17,N,
2,2026-05-18 03:06:48,done,박관수,01024281545,tutoring,경기도,시흥시,1. 개설 비용   2. 시스템,Y,2026-05-18 03:06:48,N,
3,2026-05-20 02:22:40,done,심은정,01032902724,tutoring,충청남도,계룡시,"비전공자 가능여부
가맹비용 및 가맹조건",Y,2026-05-20 02:22:40,Y,2026-05-20 02:22:40
4,2026-05-22 09:57:02,pending,정운,01066712571,tutoring,경기도,김포시,가맹문의 드립니다.,Y,2026-05-22 09:57:02,Y,2026-05-22 09:57:02
5,2026-05-23 07:23:57,pending,도미나,01038028180,tutoring;academy,경기도,남양주시,현재 수학학원을 운영하고있는데 도입할 수 있는지 궁금합니다.,Y,2026-05-23 07:23:57,Y,2026-05-23 07:23:57
6,2026-05-24 13:36:59,pending,원전,01036824963,academy;tutoring,서울특별시,강동구,"기존 스마트해법수학 운영하시던 원장님이 예쁘게 인테리어하던 시설을 그대로 두시고 사정상 일을 그만두시게 되었습니다. 초중학교로 둘러쌓여있는 지역이라 혹시  개원하시려는 원장님 계시면, 시설투자비가 적으니 연결해주시면 좋겠어서 문의남깁니다!

지역 : 서울 강동구 아리수로93나길 80 성산타워2 501호",Y,2026-05-24 13:36:59,N,
